Continent,Region,Country,Criminality avg.,Criminal markets avg.,Human trafficking,Human smuggling,Extortion and protection racketeering,Arms trafficking,Trade in counterfeit goods,Illicit trade in excisable goods,Flora crimes,Fauna crimes,Non-renewable resource crimes,Heroin trade,Cocaine trade,Cannabis trade,Synthetic drug trade,Cyber-dependent crimes,Financial crimes,Criminal actors avg.,Mafia-style groups,Criminal networks,State-embedded actors,Foreign actors,Private sector actors,Resilience avg.,Political leadership and governance,Government transparency and accountability,International cooperation,National policies and laws,Judicial system and detention,Law enforcement,Territorial integrity,Anti-money laundering,Economic regulatory capacity,Victim and witness support,Prevention,Non-state actors
Africa,Central Africa,Angola,5.62,5.33,6.00,5.00,2.50,6.00,5.00,6.00,7.50,6.00,8.00,2.50,7.00,4.50,2.50,5.50,6.00,5.90,2.50,6.00,8.00,5.50,7.50,4.21,4.00,4.50,5.00,5.00,3.00,4.00,5.50,4.50,4.50,3.50,4.00,3.00
Africa,Central Africa,Burundi,4.73,4.67,8.50,5.50,5.50,7.50,6.50,6.00,2.00,4.00,4.00,3.50,2.50,3.50,2.00,1.50,7.50,4.80,1.00,4.00,8.50,4.50,6.00,2.33,3.00,1.50,2.50,3.00,2.00,1.50,3.00,2.50,2.00,1.50,3.00,2.50
Africa,Central Africa,Cameroon,6.18,6.27,6.50,5.50,7.00,7.50,7.50,5.50,7.50,7.50,7.00,3.50,3.50,7.00,7.00,5.00,6.50,6.10,3.50,7.50,8.50,7.50,3.50,3.13,2.00,2.00,5.50,4.50,2.50,3.50,2.00,3.50,2.50,2.50,3.00,4.00
Africa,Central Africa,Central African Republic,7.03,5.97,8.00,5.50,7.00,9.00,7.00,5.00,7.00,8.00,10.00,1.50,2.00,4.00,7.00,3.00,5.50,8.10,8.00,8.00,9.00,9.00,6.50,2.08,1.50,2.00,3.50,2.50,1.50,2.00,2.00,2.00,1.50,2.00,2.00,2.50
Africa,Central Africa,Chad,6.00,5.40,7.50,8.00,6.50,9.00,6.00,4.50,1.50,3.50,7.50,2.00,4.50,6.00,7.50,2.50,4.50,6.60,5.00,7.00,8.50,6.50,6.00,2.33,2.50,2.00,4.50,3.00,2.00,2.50,3.00,1.50,2.00,1.50,1.50,2.00
Africa,Central Africa,"Congo, Dem. Rep.",7.47,6.33,7.50,6.00,7.50,9.50,7.00,5.00,9.00,8.50,9.50,3.00,3.00,7.00,3.00,1.50,8.00,8.60,9.00,9.00,9.00,9.00,7.00,2.21,1.50,2.00,3.50,3.00,2.50,1.50,1.50,1.50,1.50,2.00,2.00,4.00
Africa,Central Africa,"Congo, Rep.",5.03,4.37,7.00,4.00,3.50,4.00,5.50,4.00,8.00,7.00,4.50,1.00,6.00,2.00,2.00,2.00,5.00,5.70,3.50,6.50,8.50,6.00,4.00,3.08,3.00,1.50,5.00,4.00,2.00,4.50,3.00,3.00,3.00,2.00,3.50,2.50
Africa,Central Africa,Equatorial Guinea,4.37,3.53,5.00,2.00,2.00,4.00,2.50,2.00,8.50,5.00,6.00,1.00,2.50,3.50,1.00,1.00,7.00,5.20,1.00,2.00,9.00,5.50,8.50,2.08,1.50,1.50,2.50,3.50,1.50,2.00,3.50,2.00,2.00,1.50,2.00,1.50
Africa,Central Africa,Gabon,4.70,4.50,5.50,5.50,1.00,2.50,7.00,4.00,8.50,7.00,3.00,2.50,3.00,4.00,5.00,2.50,6.50,4.90,1.00,4.50,7.50,6.00,5.50,3.50,3.00,2.50,4.50,4.00,3.00,4.50,5.00,2.00,3.00,3.00,3.50,4.00
Africa,Central Africa,Rwanda,3.87,4.13,5.50,2.50,1.00,6.00,6.00,4.00,2.00,4.00,8.50,3.00,3.00,4.00,1.50,4.50,6.50,3.60,2.00,3.00,6.00,4.00,3.00,5.00,4.50,4.00,5.00,6.00,4.50,5.50,6.50,5.50,5.50,5.00,5.50,2.50
Africa,Central Africa,Sao Tome and Principe,1.80,1.90,1.50,1.00,1.00,1.50,2.50,2.00,3.00,2.00,1.00,2.50,2.50,3.00,1.50,1.00,2.50,1.70,1.00,1.50,3.00,2.00,1.00,4.79,6.00,5.00,7.00,7.00,6.00,4.50,5.00,3.50,3.00,3.50,3.00,4.00
Africa,East Africa,Djibouti,4.85,4.50,7.00,8.00,3.00,8.00,6.00,6.00,1.50,6.00,4.00,3.00,2.00,3.50,1.00,2.00,6.50,5.20,1.00,6.00,6.00,7.00,6.00,4.08,3.50,3.00,6.50,4.50,3.50,4.00,5.00,5.00,4.50,2.50,4.00,3.00
Africa,East Africa,Eritrea,3.92,3.93,9.00,8.50,1.00,8.00,4.00,7.00,2.00,3.00,2.50,2.00,1.50,4.00,1.00,1.50,4.00,3.90,1.00,5.00,9.50,2.50,1.50,2.21,1.00,1.00,2.00,2.50,2.00,2.50,6.50,3.00,2.50,1.00,1.50,1.00
Africa,East Africa,Ethiopia,6.03,6.17,8.00,7.50,6.50,8.50,7.00,8.00,4.50,6.50,7.00,3.50,4.00,6.00,3.00,5.50,7.00,5.90,4.00,7.00,6.00,6.00,6.50,4.50,3.50,4.00,5.50,6.00,5.00,4.00,4.00,6.00,4.50,3.00,5.00,3.50
Africa,East Africa,Kenya,7.18,7.27,8.00,8.00,7.50,7.50,7.50,6.50,6.50,7.00,7.00,8.00,6.50,6.50,6.50,8.00,8.00,7.10,7.00,8.00,8.00,6.50,6.00,5.17,4.50,4.00,7.50,7.00,5.50,5.00,5.50,5.50,5.00,3.00,3.50,6.00
Africa,East Africa,Somalia,6.55,5.60,8.50,8.00,9.50,9.00,7.00,6.00,6.50,6.00,4.00,2.50,2.00,2.50,3.00,2.50,7.00,7.50,9.50,7.50,8.00,6.00,6.50,1.88,1.50,1.50,3.00,2.50,2.00,1.50,1.50,2.00,1.50,1.50,1.50,2.50
Africa,East Africa,South Sudan,6.42,5.33,8.50,7.00,5.50,8.00,6.00,5.00,7.00,6.50,8.50,2.00,1.50,3.00,2.00,2.00,7.50,7.50,5.50,7.50,9.00,8.00,7.50,2.04,2.00,1.50,3.00,3.00,2.00,2.00,1.50,1.50,3.00,1.50,1.50,2.00
Africa,East Africa,Sudan,6.63,5.67,8.50,9.00,7.50,9.50,4.00,4.00,3.00,4.50,9.00,2.50,1.50,6.50,5.00,3.00,7.50,7.60,7.50,6.50,8.50,8.00,7.50,2.25,1.50,1.50,4.00,4.50,2.50,2.00,2.00,3.00,2.00,1.00,1.50,1.50
Africa,East Africa,Tanzania,5.93,6.27,6.50,6.00,4.00,6.00,7.00,6.50,7.00,7.00,6.50,8.00,6.50,6.50,5.50,5.00,6.00,5.60,3.00,6.50,6.00,6.00,6.50,4.17,4.50,3.00,5.00,6.00,5.00,4.00,4.50,4.50,4.00,3.00,3.00,3.50
Africa,East Africa,Uganda,6.65,6.50,7.50,7.00,5.50,6.50,7.50,6.00,7.50,7.00,8.00,6.00,5.00,6.50,4.00,6.00,7.50,6.80,5.50,7.00,8.00,7.00,6.50,3.67,4.50,2.00,5.00,5.00,4.00,3.00,4.50,3.50,3.50,2.00,4.00,3.00
Africa,North Africa,Algeria,4.97,5.33,4.00,7.50,3.00,4.50,6.00,6.50,1.50,5.50,7.50,2.50,4.50,7.00,7.50,4.50,8.00,4.60,1.00,5.00,7.50,5.00,4.50,4.25,4.50,3.00,5.00,6.50,3.00,6.00,5.50,4.00,4.50,3.00,3.50,2.50
Africa,North Africa,Egypt,5.30,5.20,6.00,7.00,3.50,7.00,6.00,3.50,1.00,5.50,4.00,5.50,2.50,7.50,8.00,3.00,8.00,5.40,4.00,6.00,8.50,5.00,3.50,3.75,4.00,2.50,5.00,4.50,2.50,5.00,5.00,5.00,4.00,2.50,2.50,2.50
Africa,North Africa,Libya,7.05,6.70,8.50,9.50,9.00,9.50,6.50,7.00,1.00,3.50,9.50,2.50,6.50,7.00,8.00,3.50,9.00,7.40,9.00,8.00,9.50,5.50,5.00,1.88,2.50,1.50,2.50,2.00,1.50,2.00,2.00,2.00,2.00,1.00,1.50,2.00
Africa,North Africa,Mauritania,4.40,4.50,7.50,7.00,3.00,4.00,6.00,6.00,1.50,4.50,3.50,1.50,5.00,7.00,3.00,1.50,6.50,4.30,1.00,5.50,6.50,5.00,3.50,3.25,4.00,3.00,4.00,3.50,2.50,3.00,3.50,4.50,3.00,2.00,2.50,3.50
Africa,North Africa,Morocco,5.37,5.53,5.50,7.50,5.50,2.00,7.00,6.00,2.00,5.00,3.50,4.50,6.50,9.00,7.00,4.50,7.50,5.20,1.50,7.00,7.50,5.50,4.50,4.67,4.50,3.50,6.00,6.50,4.00,5.50,6.00,4.00,4.50,4.50,4.00,3.00
Africa,North Africa,Tunisia,4.68,5.17,4.50,8.00,3.50,3.00,6.00,6.00,2.50,5.00,6.00,3.00,4.00,7.00,7.00,4.00,8.00,4.20,1.50,4.50,6.50,4.00,4.50,4.33,4.50,3.00,5.50,6.00,3.00,5.00,6.00,5.50,3.50,4.00,3.00,3.00
Africa,Southern Africa,Botswana,4.17,4.23,4.00,3.50,1.50,3.00,5.50,5.50,2.00,7.50,4.00,3.50,3.50,4.50,4.00,5.50,6.00,4.10,1.00,5.50,4.50,5.50,4.00,5.38,5.00,4.00,7.50,7.00,6.00,5.00,5.00,5.50,6.00,4.50,4.50,4.50
Africa,Southern Africa,Comoros,3.83,3.67,4.50,6.00,1.50,3.00,2.50,4.50,3.00,6.00,2.00,4.00,2.00,3.50,5.00,2.00,5.50,4.00,1.50,4.50,7.00,5.00,2.00,2.63,2.50,2.00,3.00,2.50,2.00,2.50,3.00,4.00,3.00,2.00,2.50,2.50
Africa,Southern Africa,eSwatini,4.25,3.80,4.00,4.50,3.00,3.50,4.50,4.50,1.50,2.00,3.50,3.00,3.00,6.00,3.00,5.00,6.00,4.70,1.00,5.50,6.50,4.50,6.00,3.21,3.00,2.00,5.00,3.00,3.00,3.00,4.00,4.50,2.50,2.50,4.00,2.00
Africa,Southern Africa,Lesotho,4.52,3.73,4.00,3.50,3.00,5.00,2.50,3.50,1.00,3.00,6.00,3.50,5.00,5.50,3.50,2.00,5.00,5.30,6.00,5.50,7.00,5.50,2.50,3.92,4.50,3.50,7.00,4.50,3.00,3.00,3.50,4.00,4.00,3.50,3.50,3.00
Africa,Southern Africa,Madagascar,5.83,5.47,5.50,4.00,5.50,5.50,4.50,4.00,8.00,8.00,8.00,7.00,4.00,6.50,3.50,2.00,6.00,6.20,5.00,6.00,8.00,6.50,5.50,3.25,3.50,2.00,3.00,3.50,2.50,3.50,5.00,4.50,2.50,2.50,4.00,2.50
Africa,Southern Africa,Malawi,4.17,4.53,5.00,4.50,2.00,4.00,6.00,6.00,5.00,6.50,4.50,2.00,3.50,6.50,3.00,2.50,7.00,3.80,1.00,4.50,4.00,5.50,4.00,4.42,4.50,5.00,5.50,5.50,5.00,3.50,3.00,5.00,4.00,3.00,4.00,5.00
Africa,Southern Africa,Mauritius,4.23,4.17,4.50,3.50,1.50,2.50,4.00,1.50,3.50,3.00,4.00,8.00,3.50,5.50,8.00,4.00,5.50,4.30,2.00,5.50,5.00,4.00,5.00,5.58,6.00,6.00,6.50,6.00,6.00,5.50,5.50,4.00,7.00,4.00,5.00,5.50
Africa,Southern Africa,Mozambique,6.63,6.37,5.00,6.00,6.00,6.50,5.00,5.50,8.00,8.00,8.50,8.00,6.50,4.50,7.50,3.50,7.00,6.90,6.00,8.00,9.00,7.50,4.00,3.25,2.50,3.00,5.50,5.50,2.00,2.00,3.00,3.00,4.00,3.00,3.00,2.50
Africa,Southern Africa,Namibia,4.43,4.17,3.50,2.50,1.50,3.50,4.50,3.50,6.50,6.00,4.50,3.00,4.50,4.00,4.50,5.50,5.00,4.70,1.00,5.50,6.00,6.50,4.50,4.58,5.00,4.00,6.50,6.50,4.00,3.50,3.50,3.50,4.50,4.00,4.00,6.00
Africa,Southern Africa,Seychelles,3.65,3.40,4.00,3.50,1.00,3.00,3.00,2.00,1.00,4.50,2.00,8.00,4.50,3.50,3.50,2.00,5.50,3.90,1.50,5.00,4.00,5.00,4.00,5.38,6.00,6.00,6.50,5.50,6.00,5.00,5.00,5.00,4.50,4.50,5.00,5.50
Africa,Southern Africa,South Africa,7.43,7.17,4.50,5.50,8.50,8.00,7.00,7.00,6.00,8.00,8.00,8.00,7.50,5.00,9.00,8.00,7.50,7.70,8.00,8.00,8.00,7.50,7.00,5.67,5.50,5.50,7.00,7.00,6.00,4.50,6.00,5.00,6.00,4.00,4.50,7.00
Africa,Southern Africa,Zambia,4.78,4.57,5.00,4.00,2.50,3.00,4.50,5.00,7.50,5.50,5.50,4.50,3.50,5.00,3.50,4.00,5.50,5.00,2.00,6.00,6.50,7.00,3.50,4.67,4.50,4.00,5.50,6.50,5.00,4.00,3.50,5.50,5.50,3.00,4.00,5.00
Africa,Southern Africa,Zimbabwe,5.55,5.20,5.50,5.00,2.50,4.50,5.00,6.50,5.00,7.00,8.50,4.50,3.00,4.50,5.50,4.50,6.50,5.90,2.50,7.50,8.00,6.50,5.00,3.04,2.50,3.00,3.50,3.50,2.00,2.50,4.00,4.00,2.50,2.00,4.00,3.00
Africa,West Africa,Benin,5.15,5.20,6.00,4.50,4.50,6.00,6.50,5.00,6.00,5.00,5.50,2.50,6.50,5.00,6.00,3.00,6.00,5.10,1.00,6.00,6.00,8.00,4.50,3.75,4.00,4.00,4.50,3.00,3.00,4.00,3.00,4.50,4.00,3.50,3.00,4.50
Africa,West Africa,Burkina Faso,6.03,5.77,7.00,4.00,7.00,8.00,6.00,6.50,5.50,6.50,8.50,3.50,4.00,4.50,5.50,4.50,5.50,6.30,5.00,7.00,7.00,6.50,6.00,2.88,2.00,3.50,3.50,5.50,2.50,3.00,2.00,3.50,2.50,2.00,2.00,2.50
Africa,West Africa,Cabo Verde,4.08,3.57,4.50,2.50,1.50,3.00,4.00,4.50,1.50,4.00,1.50,2.50,7.00,5.50,4.00,3.50,4.00,4.60,3.00,5.00,4.00,6.50,4.50,6.54,7.00,7.00,8.00,7.00,7.50,6.00,7.00,5.50,6.00,4.00,6.50,7.00
Africa,West Africa,Côte d'Ivoire,5.78,5.67,6.50,5.50,5.00,6.50,6.50,4.00,6.50,6.50,6.50,2.00,6.00,6.50,6.00,4.50,6.50,5.90,3.50,6.50,7.00,7.50,5.00,5.13,5.00,4.50,6.00,6.00,5.00,5.50,5.00,4.50,5.00,4.50,5.50,5.00
Africa,West Africa,Gambia,4.58,4.47,6.00,5.00,2.00,2.50,6.50,3.00,5.50,4.00,3.00,2.50,7.50,6.50,5.00,2.00,6.00,4.70,1.00,6.50,7.00,5.00,4.00,5.13,5.00,5.00,5.50,5.50,4.50,5.00,6.50,5.00,5.00,3.50,4.50,6.50
Africa,West Africa,Ghana,5.77,6.03,6.50,5.50,3.50,6.50,5.50,5.00,7.00,6.50,8.00,5.50,6.50,6.50,6.50,5.00,6.50,5.50,2.00,7.00,7.50,6.00,5.00,5.33,5.00,5.50,6.50,5.50,5.00,4.50,6.00,6.00,5.50,4.00,4.00,6.50
Africa,West Africa,Guinea,5.05,4.90,6.50,4.50,1.00,5.50,7.00,4.50,5.00,6.00,7.00,1.00,7.50,5.00,5.50,2.00,5.50,5.20,1.00,6.50,8.00,6.50,4.00,2.96,2.00,3.00,3.50,3.00,3.00,3.00,3.50,3.00,3.00,2.50,3.00,3.00
Africa,West Africa,Guinea-Bissau,4.88,4.17,5.50,2.50,1.00,4.50,4.00,4.00,7.00,6.00,1.50,3.00,8.50,4.00,3.00,2.00,6.00,5.60,1.00,8.00,8.50,6.50,4.00,2.67,2.00,2.50,4.00,3.00,3.00,3.00,3.50,3.00,1.50,1.50,2.00,3.00
Africa,West Africa,Liberia,5.65,5.30,6.00,3.00,1.00,5.00,6.50,5.00,7.50,6.00,7.00,3.00,7.00,6.00,5.00,4.00,7.50,6.00,3.00,7.00,7.50,6.50,6.00,3.38,3.50,3.00,4.00,4.00,3.50,4.00,3.50,3.50,3.00,2.00,2.00,4.50
Africa,West Africa,Mali,6.33,6.37,7.50,7.00,8.00,8.00,6.50,7.00,5.50,5.00,8.00,2.50,6.00,7.00,6.50,4.00,7.00,6.30,7.00,6.50,8.00,6.00,4.00,2.08,2.00,2.00,3.00,2.50,2.00,2.00,1.50,2.50,2.00,1.50,2.00,2.00
Africa,West Africa,Niger,5.93,5.87,8.00,8.00,6.00,8.00,7.00,6.00,2.50,5.00,7.50,3.00,5.50,6.50,7.50,1.00,6.50,6.00,5.50,7.00,8.00,6.50,3.00,2.96,3.00,2.00,3.50,4.50,2.00,3.50,3.00,4.00,3.50,2.00,2.50,2.00
Africa,West Africa,Nigeria,7.32,7.33,8.00,6.50,8.00,8.00,8.00,6.50,6.00,7.50,8.00,6.00,7.50,7.00,8.50,6.50,8.00,7.30,6.50,8.00,8.00,7.00,7.00,5.46,5.50,4.50,7.50,7.00,4.50,5.50,4.00,4.50,6.00,4.50,5.50,6.50
Africa,West Africa,Senegal,5.22,5.33,6.00,6.00,2.00,5.50,7.00,6.00,7.00,6.50,5.00,1.00,7.00,6.00,4.00,5.00,6.00,5.10,1.00,6.00,5.50,6.50,6.50,5.88,5.50,5.50,7.00,6.50,5.00,6.00,7.00,5.50,5.50,5.00,5.00,7.00
Africa,West Africa,Sierra Leone,5.42,4.93,5.50,4.00,2.00,3.50,5.00,4.00,6.50,6.50,7.00,2.00,7.50,6.00,7.00,2.50,5.00,5.90,3.50,6.50,8.00,7.50,4.00,4.04,3.50,3.50,5.00,4.00,3.00,4.50,4.00,4.50,3.50,3.50,4.50,5.00
Africa,West Africa,Togo,5.22,4.63,5.50,4.00,1.00,4.00,7.00,5.50,4.50,5.50,6.00,2.50,6.00,6.00,5.00,3.00,4.00,5.80,1.00,7.00,7.50,7.50,6.00,4.42,3.50,4.00,6.00,5.50,4.00,5.00,3.00,3.50,5.00,5.00,5.00,3.50
Americas,Caribbean,Antigua and Barbuda,3.03,2.57,4.00,3.00,1.00,4.00,1.50,1.00,1.00,3.50,1.00,1.50,6.00,5.50,1.50,1.50,2.50,3.50,3.00,3.50,3.00,5.50,2.50,4.67,4.50,5.00,6.00,5.00,3.00,4.50,4.50,4.00,5.00,4.00,5.00,5.50
Americas,Caribbean,Bahamas,3.88,3.67,5.00,5.50,2.50,5.50,2.00,2.00,1.00,4.50,1.00,4.00,7.50,4.50,3.00,3.00,4.00,4.10,4.50,3.00,3.00,6.50,3.50,5.58,5.50,5.50,6.50,7.00,4.00,6.50,4.50,5.50,4.00,7.00,6.00,5.00
Americas,Caribbean,Barbados,2.90,2.50,4.00,2.50,2.00,4.50,2.00,1.00,1.00,1.50,1.00,1.00,6.00,4.50,1.50,2.50,2.50,3.30,5.00,4.00,3.00,3.00,1.50,6.13,6.00,7.50,7.50,7.00,4.50,7.00,6.50,5.50,4.50,5.50,6.00,6.00
Americas,Caribbean,Cuba,3.35,3.40,6.00,5.50,1.00,1.50,5.50,3.00,2.50,3.00,3.00,1.00,4.00,5.00,3.50,3.00,3.50,3.30,3.50,3.00,3.50,2.00,4.50,4.96,5.50,2.50,6.50,5.50,3.00,6.00,7.00,5.50,5.00,4.00,6.00,3.00
Americas,Caribbean,Dominica,2.32,2.43,2.00,2.50,1.00,5.00,1.00,1.50,1.00,1.50,1.00,1.00,6.00,5.50,1.50,2.00,4.00,2.20,1.00,4.00,2.00,2.50,1.50,5.29,4.00,4.50,7.00,5.00,5.00,5.50,6.00,5.50,5.00,5.00,6.00,5.00
Americas,Caribbean,Dominican Republic,5.17,5.33,6.50,6.50,4.00,4.50,6.00,5.00,5.00,4.50,4.50,6.50,8.00,5.50,4.50,4.00,5.00,5.00,5.00,5.50,5.50,4.50,4.50,4.92,5.00,3.50,7.50,5.00,3.50,5.00,5.50,5.00,5.00,4.00,5.00,5.00
Americas,Caribbean,Grenada,2.72,2.43,2.00,2.50,1.00,3.00,1.00,1.00,1.00,2.50,3.50,1.00,6.00,5.50,1.50,2.00,3.00,3.00,1.00,3.00,3.50,4.00,3.50,5.17,5.50,5.00,6.00,5.50,4.00,6.50,6.00,5.00,6.00,4.00,4.00,4.50
Americas,Caribbean,Haiti,6.53,6.27,8.00,7.50,8.00,8.50,6.00,6.00,7.00,5.00,6.50,2.00,8.50,6.50,3.50,3.00,8.00,6.80,9.00,7.00,8.50,4.50,5.00,2.21,2.00,1.50,3.50,4.00,2.00,1.50,1.50,2.00,1.50,1.50,2.00,3.50
Americas,Caribbean,Jamaica,5.93,5.07,5.00,3.50,6.00,9.00,6.00,6.50,2.50,2.50,1.50,3.00,6.50,8.50,3.50,5.00,7.00,6.80,8.00,8.00,7.50,7.00,3.50,5.33,4.00,4.00,7.00,5.50,4.00,5.50,6.50,5.00,4.50,5.00,6.50,6.50
Americas,Caribbean,St. Kitts and Nevis,3.10,2.60,2.00,3.00,1.50,5.00,2.00,1.50,1.00,1.00,1.00,1.00,7.00,6.00,1.00,1.50,4.50,3.60,1.00,5.00,5.00,5.50,1.50,5.38,6.00,5.50,6.00,6.50,7.00,5.00,6.00,6.00,4.00,3.00,4.50,5.00
Americas,Caribbean,St. Lucia,3.35,2.60,4.00,1.50,1.00,5.00,2.00,1.50,1.00,1.00,1.00,1.00,7.50,7.00,1.00,2.00,2.50,4.10,5.50,4.50,3.00,6.00,1.50,5.54,7.00,5.50,6.00,6.50,6.00,4.50,5.50,4.50,5.50,5.50,6.00,4.00
Americas,Caribbean,St. Vincent and the Grenadines,2.87,2.53,2.50,1.00,1.00,4.00,2.00,2.00,1.00,1.00,1.00,1.00,7.50,7.50,1.00,3.00,2.50,3.20,1.50,5.00,2.00,5.50,2.00,5.42,6.00,6.00,6.00,6.50,6.00,4.50,5.50,5.50,4.50,3.00,5.50,6.00
Americas,Caribbean,Trinidad and Tobago,5.22,4.93,6.50,4.50,5.50,7.00,4.50,5.00,1.00,3.00,2.50,2.50,8.00,7.00,4.00,6.50,6.50,5.50,6.00,6.00,5.00,6.50,4.00,5.08,4.50,5.00,6.50,7.00,3.50,4.00,4.50,5.00,4.00,5.50,5.00,6.50
Americas,Central America,Belize,4.97,4.53,5.50,6.50,3.00,5.00,3.50,4.00,5.50,6.00,4.00,2.50,5.50,5.00,3.50,3.50,5.00,5.40,6.50,3.50,5.50,6.00,5.50,3.58,6.00,2.50,4.50,3.50,4.00,4.00,2.00,2.50,2.50,3.50,4.00,4.00
Americas,Central America,Costa Rica,5.90,5.60,5.50,6.50,6.00,5.00,6.00,6.00,5.00,6.00,7.00,1.00,8.00,4.50,4.00,7.50,6.00,6.20,8.00,6.00,3.50,7.50,6.00,5.63,6.50,6.00,6.50,6.50,6.00,5.00,5.00,4.50,5.00,5.00,5.00,6.50
Americas,Central America,El Salvador,5.45,5.10,7.50,7.00,5.00,6.50,5.50,5.00,3.00,5.00,1.50,1.50,7.50,6.00,2.50,6.50,6.50,5.80,6.00,6.00,7.50,5.00,4.50,3.25,3.00,2.00,4.50,3.50,2.00,3.00,5.50,3.50,2.50,3.50,4.00,2.00
Americas,Central America,Guatemala,6.77,6.23,7.50,7.50,8.50,7.00,6.00,5.50,4.50,4.00,3.00,7.00,8.50,6.00,6.50,5.00,7.00,7.30,8.00,6.00,8.00,8.00,6.50,4.00,3.00,3.50,5.50,4.50,3.50,5.50,3.00,4.00,4.00,4.00,4.00,3.50
Americas,Central America,Honduras,7.10,6.10,7.50,7.00,9.00,7.00,3.50,4.50,7.00,6.50,5.00,1.50,8.50,7.00,3.50,6.50,7.50,8.10,8.50,7.50,8.50,8.00,8.00,3.92,2.50,3.50,6.00,4.50,3.00,5.00,4.00,4.00,3.50,3.00,4.50,3.50
Americas,Central America,Mexico,7.68,8.27,8.00,9.00,9.00,9.00,8.50,7.50,7.50,7.50,8.00,7.50,9.00,8.00,9.00,8.00,8.50,7.10,9.00,8.50,7.50,4.00,6.50,4.50,3.50,4.00,7.00,5.50,4.00,5.00,3.00,4.50,5.00,3.50,4.00,5.00
Americas,Central America,Nicaragua,5.73,5.27,7.50,7.00,2.00,6.00,5.00,6.00,6.50,6.00,7.00,1.50,8.00,6.00,3.00,3.50,4.00,6.20,4.00,6.50,9.00,7.00,4.50,2.00,1.50,1.00,2.00,3.00,1.50,2.00,2.50,2.50,2.00,2.00,3.00,1.00
Americas,Central America,Panama,6.93,6.57,7.00,7.50,6.50,7.00,7.00,7.50,6.00,7.00,7.00,4.50,8.50,4.50,4.00,7.00,7.50,7.30,7.50,7.00,7.50,6.50,8.00,4.71,4.00,4.00,6.00,6.00,3.00,4.50,5.50,3.50,5.50,4.00,4.50,6.00
Americas,North America,Canada,4.17,4.13,4.00,5.00,3.00,4.00,4.50,4.00,2.00,3.50,1.50,4.00,5.00,3.00,6.50,7.00,5.00,4.20,5.00,5.00,2.00,4.50,4.50,7.38,7.50,7.00,8.50,8.00,7.00,7.50,6.50,6.00,7.50,8.50,6.50,8.00
Americas,North America,United States,5.87,6.13,6.50,6.50,3.50,7.50,6.50,5.50,2.50,5.50,5.00,6.50,7.00,4.50,9.00,8.00,8.00,5.60,5.50,6.00,4.50,6.00,6.00,6.96,6.00,6.50,8.50,6.50,6.00,8.00,6.00,6.00,7.50,7.50,7.00,8.00
Americas,South America,Argentina,5.25,5.00,5.00,3.50,5.00,4.00,7.00,7.00,4.00,5.00,3.00,2.00,7.50,7.50,4.00,6.00,4.50,5.50,5.00,6.00,6.00,5.50,5.00,5.67,6.00,4.50,6.00,6.50,5.00,5.50,5.50,6.00,5.50,5.50,5.00,7.00
Americas,South America,Bolivia,5.12,5.03,5.50,4.00,3.00,5.00,5.00,7.00,7.50,6.00,8.00,1.00,8.50,3.00,2.50,4.50,5.00,5.20,4.00,5.00,6.50,5.50,5.00,4.63,4.50,4.00,5.00,6.00,3.00,4.50,4.50,4.50,4.00,5.00,5.50,5.00
Americas,South America,Brazil,7.07,7.23,6.50,6.00,7.50,8.50,7.50,6.00,8.50,8.50,8.50,2.50,9.00,8.50,5.00,8.00,8.00,6.90,8.00,7.00,8.50,4.00,7.00,5.04,4.00,4.50,7.50,5.00,3.50,4.00,5.00,6.00,6.00,5.00,4.00,6.00
Americas,South America,Chile,5.48,5.37,6.50,5.50,5.00,6.50,6.00,5.00,4.50,5.50,3.50,2.00,7.50,7.00,5.50,5.50,5.00,5.60,5.00,6.00,5.50,6.50,5.00,6.17,6.50,7.00,8.00,6.50,5.00,4.50,4.00,6.50,6.50,6.00,6.50,7.00
Americas,South America,Colombia,7.82,7.43,8.00,8.00,9.00,8.00,7.00,6.00,7.50,7.00,9.00,4.50,9.50,7.00,6.00,7.00,8.00,8.20,9.50,9.50,7.50,7.50,7.00,5.46,5.50,5.50,9.00,6.50,5.00,4.50,4.00,6.00,4.50,4.00,4.50,6.50
Americas,South America,Ecuador,7.48,7.07,6.50,6.50,8.50,8.50,6.00,6.50,7.50,7.00,8.00,6.50,9.00,6.00,5.50,7.00,7.00,7.90,8.50,8.50,7.50,8.00,7.00,4.46,3.50,4.50,6.50,5.00,3.00,4.00,3.50,5.00,4.50,5.00,4.00,5.00
Americas,South America,Guyana,5.78,5.17,5.50,4.50,7.00,6.00,4.00,4.00,4.50,4.00,9.00,3.00,8.50,3.50,3.50,2.50,8.00,6.40,4.00,5.00,8.00,7.00,8.00,4.25,4.00,3.50,5.50,3.50,4.00,3.50,4.00,4.50,4.50,5.00,5.00,4.00
Americas,South America,Paraguay,7.48,6.67,7.50,5.50,6.50,9.00,9.00,8.00,7.00,6.50,4.00,1.00,8.50,9.00,4.50,6.50,7.50,8.30,7.50,8.00,9.00,9.00,8.00,3.29,2.00,3.00,6.50,3.50,2.50,2.00,4.00,2.50,3.50,2.00,3.50,4.50
Americas,South America,Peru,6.62,6.33,7.00,6.50,5.50,7.00,8.50,4.50,7.50,6.00,9.00,4.50,9.00,5.50,3.50,5.00,6.00,6.90,7.00,8.50,8.00,6.50,4.50,4.46,2.50,5.00,5.50,6.00,6.00,4.00,5.00,4.50,4.00,3.50,3.50,4.00
Americas,South America,Suriname,4.90,4.50,4.50,5.00,2.00,5.50,5.00,4.50,4.50,4.00,9.00,1.00,8.50,2.00,3.00,4.00,5.00,5.30,3.00,5.00,8.50,6.00,4.00,3.17,3.00,2.00,5.00,3.00,3.50,3.00,2.00,2.50,2.00,3.00,4.50,4.50
Americas,South America,Uruguay,3.57,3.53,3.50,3.00,3.00,4.00,4.00,4.00,1.00,4.50,1.50,1.50,6.50,4.00,4.00,4.50,4.00,3.60,2.50,4.50,3.50,4.00,3.50,7.46,7.50,8.50,9.00,7.00,6.00,7.50,7.00,6.50,8.00,7.50,6.50,8.50
Americas,South America,Venezuela,6.97,6.43,8.00,7.50,8.50,8.00,6.50,7.00,4.00,5.00,9.00,1.50,9.00,7.00,3.00,4.50,8.00,7.50,9.50,5.50,9.00,7.50,6.00,1.88,1.50,1.50,2.00,2.00,1.50,1.50,3.00,1.50,1.50,2.00,2.00,2.50
Asia,Central Asia and the Caucasus,Armenia,3.02,3.13,3.50,1.50,1.50,2.50,3.50,3.50,3.50,4.00,3.00,4.00,2.00,3.50,4.00,3.50,3.50,2.90,2.00,3.00,3.50,3.00,3.00,5.63,6.50,6.00,7.00,6.50,4.50,6.50,3.00,5.50,6.00,5.00,4.50,6.50
Asia,Central Asia and the Caucasus,Azerbaijan,5.03,4.27,4.50,3.00,2.50,3.00,5.50,4.50,3.50,4.00,5.50,6.50,2.00,5.50,5.50,3.00,5.50,5.80,5.00,5.50,8.50,6.00,4.00,3.96,3.50,3.00,5.00,4.00,2.50,4.50,5.00,4.00,4.50,4.00,4.00,3.50
Asia,Central Asia and the Caucasus,Georgia,3.87,3.83,4.00,2.00,4.00,3.50,5.00,3.00,4.00,4.00,3.00,4.00,2.50,3.50,4.50,5.00,5.50,3.90,3.50,3.50,4.00,3.00,5.50,5.00,4.00,4.00,5.00,6.50,3.00,6.50,4.50,4.50,5.00,6.50,5.50,5.00
Asia,Central Asia and the Caucasus,Kazakhstan,4.45,4.50,6.00,4.50,3.00,3.00,4.00,4.50,2.00,5.00,5.50,6.00,2.50,5.00,6.50,4.00,6.00,4.40,3.00,5.00,6.00,4.00,4.00,4.67,5.00,4.00,5.50,5.50,5.00,4.50,5.50,4.50,4.50,4.00,4.50,3.50
Asia,Central Asia and the Caucasus,Kyrgyzstan,5.25,4.90,7.00,5.50,4.50,3.50,5.50,4.50,2.50,4.00,6.50,7.00,2.00,6.00,5.50,3.00,6.50,5.60,5.50,5.50,8.50,4.50,4.00,3.79,3.00,2.00,4.50,4.00,3.00,3.50,4.50,3.50,4.00,4.00,5.00,4.50
Asia,Central Asia and the Caucasus,Tajikistan,5.37,4.73,7.00,6.50,2.00,4.00,5.00,3.50,2.00,3.50,7.00,8.50,1.50,6.00,6.00,2.00,6.50,6.00,6.00,5.00,9.00,5.00,5.00,2.54,3.00,2.00,3.00,2.00,2.00,3.00,3.00,3.00,3.00,2.00,2.50,2.00
Asia,Central Asia and the Caucasus,Turkmenistan,4.35,4.40,8.00,5.50,4.00,2.00,4.50,5.00,2.00,2.50,7.00,6.50,1.50,4.00,4.50,2.50,6.50,4.30,2.00,4.50,9.00,3.50,2.50,2.17,2.00,1.50,1.50,2.50,1.50,2.00,4.50,3.00,2.00,2.00,2.00,1.50
Asia,Central Asia and the Caucasus,Uzbekistan,4.93,4.57,8.00,6.00,4.00,2.50,4.50,5.00,2.00,3.50,7.00,6.00,1.50,4.50,5.00,3.00,6.00,5.30,4.00,5.00,7.00,5.00,5.50,3.83,3.50,3.50,4.00,4.00,3.00,3.50,4.50,4.00,4.50,4.00,4.50,3.00
Asia,Eastern Asia,China,6.32,6.63,7.50,6.50,4.50,3.00,9.00,6.50,8.50,9.00,7.00,6.00,3.50,4.50,8.00,8.50,7.50,6.00,6.50,7.50,7.00,2.00,7.00,5.54,6.00,4.00,6.50,7.00,5.00,6.00,7.00,6.50,7.00,4.00,5.50,2.00
Asia,Eastern Asia,Japan,4.25,3.90,5.00,4.00,4.50,2.00,3.00,2.00,4.00,6.00,3.00,1.50,3.00,4.50,5.00,4.50,6.50,4.60,5.50,6.00,2.00,4.50,5.00,7.50,7.00,8.00,9.00,7.50,8.00,7.50,8.50,7.50,8.00,5.50,6.00,7.50
Asia,Eastern Asia,"Korea, DPR",4.68,5.47,9.00,6.00,1.50,9.50,7.50,4.00,2.00,3.00,7.50,4.00,1.50,2.00,7.50,9.00,8.00,3.90,1.00,3.00,10.00,4.50,1.00,1.63,1.00,1.00,2.00,2.00,1.00,1.50,6.00,1.00,1.00,1.00,1.00,1.00
Asia,Eastern Asia,"Korea, Rep.",4.42,3.63,5.50,3.50,1.50,2.00,4.00,3.50,3.50,4.50,2.00,3.00,3.50,3.50,5.50,4.50,4.50,5.20,5.50,5.00,4.00,6.50,5.00,8.00,8.50,7.50,8.50,9.00,8.50,8.00,8.00,8.00,7.00,7.00,8.00,8.00
Asia,Eastern Asia,Mongolia,4.03,3.87,5.00,3.00,2.50,3.00,4.50,2.00,5.50,4.50,6.00,1.50,1.00,3.00,5.50,6.00,5.00,4.20,1.00,4.50,5.50,5.00,5.00,5.29,5.50,5.50,6.50,6.50,4.50,5.00,5.50,5.00,4.00,4.50,6.00,5.00
Asia,South-Eastern Asia,Brunei,2.90,3.20,5.00,4.00,2.00,2.00,3.00,4.00,3.00,4.00,2.00,1.50,1.00,3.50,4.50,4.00,4.50,2.60,1.00,2.00,3.00,4.00,3.00,4.63,4.50,3.50,5.00,4.50,4.00,5.50,5.50,5.50,6.00,3.00,5.00,3.50
Asia,South-Eastern Asia,Cambodia,7.02,6.73,8.50,7.00,6.00,6.00,8.00,6.00,8.00,8.50,7.50,4.50,2.00,4.50,8.50,7.50,8.50,7.30,5.00,7.50,9.00,8.00,7.00,3.46,3.50,3.50,5.00,4.00,3.00,2.50,4.00,4.00,4.00,3.00,3.00,2.00
Asia,South-Eastern Asia,Indonesia,6.85,6.60,7.50,6.50,6.00,4.50,7.50,6.50,8.00,8.00,8.00,3.50,4.00,6.50,7.00,7.50,8.00,7.10,6.00,7.50,8.00,6.00,8.00,4.29,4.00,3.00,6.00,5.00,3.50,4.00,4.00,5.00,4.50,4.50,4.00,4.00
Asia,South-Eastern Asia,Laos,6.37,6.33,8.00,6.50,4.50,5.50,7.50,7.00,8.00,8.50,3.50,7.50,1.50,4.50,9.00,5.50,8.00,6.40,2.50,7.00,7.50,8.00,7.00,3.38,3.50,2.50,4.00,4.00,3.00,4.00,2.50,3.00,3.50,4.00,3.50,3.00
Asia,South-Eastern Asia,Malaysia,6.53,6.57,7.50,7.50,5.00,5.00,7.50,7.00,6.50,8.00,5.50,7.00,3.50,5.00,7.50,8.00,8.00,6.50,5.50,6.00,7.00,7.00,7.00,5.71,4.50,5.50,7.00,7.50,5.00,5.50,5.50,6.00,6.50,5.00,6.00,4.50
Asia,South-Eastern Asia,Myanmar,8.08,7.67,9.00,8.00,8.00,9.00,6.00,7.50,8.50,8.50,9.00,9.50,1.50,4.50,10.00,7.50,8.50,8.50,9.00,8.00,9.00,9.00,7.50,1.46,1.00,1.50,2.00,2.00,1.50,1.50,1.50,1.50,1.00,1.00,1.00,2.00
Asia,South-Eastern Asia,Philippines,6.57,6.43,7.50,5.50,5.00,7.00,7.00,6.00,7.00,7.50,7.00,4.00,4.00,4.50,9.00,7.50,8.00,6.70,8.00,6.50,8.00,7.50,3.50,4.46,3.50,3.00,5.50,5.50,4.50,3.00,4.00,5.50,5.50,4.00,4.50,5.00
Asia,South-Eastern Asia,Singapore,3.72,4.03,5.50,3.50,1.50,2.50,5.50,3.00,2.50,4.50,3.50,4.50,2.00,3.50,5.50,7.00,6.00,3.40,2.50,5.00,1.50,4.50,3.50,7.79,7.50,7.50,9.00,8.50,8.50,9.00,8.00,7.50,8.00,7.00,9.00,4.00
Asia,South-Eastern Asia,Thailand,6.37,6.83,7.50,7.50,6.00,6.50,7.50,7.00,6.50,8.00,5.50,8.50,4.00,4.50,9.00,6.50,8.00,5.90,2.00,6.00,7.00,7.50,7.00,4.96,5.50,4.50,6.50,6.00,4.00,5.50,4.00,5.50,5.00,4.50,5.00,3.50
Asia,South-Eastern Asia,Timor-Leste,3.98,3.47,5.00,5.50,4.00,4.00,2.50,5.00,2.00,5.00,2.00,1.50,1.50,2.00,4.00,2.50,5.50,4.50,5.00,4.00,4.50,5.00,4.00,3.88,4.00,3.50,4.00,4.00,3.50,4.00,3.00,4.00,3.50,3.50,4.50,5.00
Asia,South-Eastern Asia,Vietnam,6.58,6.57,7.00,7.00,6.00,4.50,7.50,7.00,7.00,9.00,6.00,7.50,4.00,4.50,7.50,7.00,7.00,6.60,6.00,7.00,7.00,6.50,6.50,4.79,5.00,4.50,6.00,6.00,3.50,5.00,5.50,5.00,5.50,4.50,5.00,2.00
Asia,Southern Asia,Afghanistan,7.02,6.93,9.00,9.00,6.00,9.00,8.50,9.00,5.50,4.00,6.50,9.00,1.00,7.00,8.50,4.00,8.00,7.10,4.50,8.00,9.00,6.00,8.00,1.50,2.00,1.00,1.50,1.50,1.50,1.50,3.50,1.00,1.50,1.00,1.00,1.00
Asia,Southern Asia,Bangladesh,5.30,5.20,8.00,7.00,6.50,5.50,5.00,3.50,5.00,5.50,3.50,4.50,3.00,4.50,6.50,5.00,5.00,5.40,6.00,6.00,7.00,4.00,4.00,4.08,4.00,3.50,5.50,5.00,3.00,4.00,5.00,4.50,4.50,3.50,3.00,3.50
Asia,Southern Asia,Bhutan,3.50,3.90,6.00,4.50,2.00,2.50,3.50,4.00,6.50,6.00,5.00,2.50,1.50,4.50,3.50,3.00,3.50,3.10,1.00,4.50,3.00,4.00,3.00,4.67,5.50,6.00,5.50,5.00,5.00,5.00,3.50,4.50,5.50,3.50,4.00,3.00
Asia,Southern Asia,India,5.90,6.80,8.50,6.50,6.50,6.00,8.00,6.00,6.00,7.00,7.00,7.00,4.00,7.50,7.00,7.50,7.50,5.00,3.00,6.50,7.00,3.50,5.00,5.46,4.50,5.00,8.50,5.50,4.50,5.50,7.00,6.50,5.00,4.00,5.00,4.50
Asia,Southern Asia,Maldives,4.42,3.53,6.50,6.00,1.50,2.00,1.50,2.00,2.00,5.00,2.00,6.50,4.00,4.00,2.50,3.50,4.00,5.30,6.50,6.00,5.50,4.50,4.00,3.96,4.50,5.00,5.50,5.00,3.00,4.00,3.50,3.50,3.00,2.50,3.50,4.50
Asia,Southern Asia,Nepal,6.63,6.07,8.00,7.50,6.00,5.50,7.50,5.00,7.00,7.00,7.50,4.50,3.50,6.00,5.00,4.00,7.00,7.20,5.50,7.50,8.00,7.50,7.50,3.88,3.50,2.50,5.50,4.50,3.00,4.50,3.50,3.50,4.00,4.00,3.50,4.50
Asia,Southern Asia,Pakistan,6.32,6.53,8.50,8.00,7.00,8.50,5.00,6.00,5.00,6.00,5.50,8.50,3.00,7.00,8.00,5.00,7.00,6.10,6.50,7.00,7.50,4.50,5.00,3.96,3.00,3.50,5.50,5.00,3.00,4.50,4.00,4.00,3.50,3.50,4.00,4.00
Asia,Southern Asia,Sri Lanka,4.97,4.83,7.00,6.50,7.00,5.50,2.50,4.00,3.50,5.50,3.00,6.00,2.50,5.50,6.00,3.50,4.50,5.10,5.50,6.00,7.00,3.50,3.50,3.71,3.00,3.50,5.50,5.50,3.00,3.50,4.00,5.00,3.50,3.00,2.00,3.00
Asia,Western Asia,Bahrain,4.82,5.13,8.00,4.50,1.00,4.00,5.50,4.00,2.50,6.00,6.50,4.50,4.00,5.50,7.00,7.00,7.00,4.50,1.00,6.00,4.50,5.00,6.00,5.33,5.50,4.50,7.00,5.50,4.00,4.50,6.50,5.50,6.00,6.00,5.50,3.50
Asia,Western Asia,Iran,6.88,7.37,8.00,8.50,4.50,9.00,8.00,8.50,4.50,4.00,9.50,8.50,4.50,6.00,9.50,8.50,9.00,6.40,4.50,7.50,9.50,5.50,5.00,3.08,2.50,2.00,4.00,4.00,3.00,3.00,4.50,2.50,2.50,3.50,3.00,2.50
Asia,Western Asia,Iraq,7.17,6.43,7.50,8.50,7.50,9.00,7.00,7.00,1.50,4.50,9.00,6.00,4.00,5.50,7.50,3.00,9.00,7.90,6.50,8.00,8.50,9.00,7.50,3.33,3.50,3.00,4.50,3.50,3.50,3.50,2.50,4.00,3.50,2.50,3.00,3.00
Asia,Western Asia,Israel,5.07,5.23,6.50,2.00,5.00,7.00,5.50,5.50,1.50,2.50,6.00,3.00,5.50,6.50,6.00,9.00,7.00,4.90,6.00,4.00,5.50,4.00,5.00,5.54,5.00,4.00,5.50,6.50,4.00,5.50,3.50,7.00,7.50,6.00,6.50,5.50
Asia,Western Asia,Jordan,5.08,4.97,6.00,5.50,4.00,7.00,5.50,5.50,3.50,3.50,2.00,3.50,3.00,6.00,7.50,5.50,6.50,5.20,1.50,7.00,6.00,5.50,6.00,5.63,5.50,4.50,8.00,6.50,4.50,6.50,5.50,7.00,4.00,5.00,6.50,4.00
Asia,Western Asia,Kuwait,5.10,5.60,8.00,6.50,1.50,5.00,5.50,3.50,5.50,6.00,5.50,4.50,5.00,6.50,7.00,7.00,7.00,4.60,1.00,6.00,6.00,3.50,6.50,5.42,4.50,4.00,6.00,5.50,5.50,6.00,5.50,5.50,6.50,5.50,5.50,5.00
Asia,Western Asia,Lebanon,7.30,6.60,8.00,8.50,6.00,9.00,6.50,7.00,2.00,3.50,7.00,4.00,6.00,9.00,9.00,4.50,9.00,8.00,6.50,7.50,9.50,8.50,8.00,3.08,2.00,2.50,5.50,3.50,3.00,2.50,2.00,2.50,1.50,3.50,3.50,5.00
Asia,Western Asia,Oman,4.45,4.90,7.00,5.00,1.50,5.50,4.50,4.00,5.00,5.00,5.50,5.00,3.00,4.50,6.50,5.00,6.50,4.00,1.00,5.00,4.50,4.00,5.50,5.33,4.50,4.50,6.50,6.50,4.50,7.00,5.50,6.00,5.00,4.50,5.00,4.50
Asia,Western Asia,Qatar,5.37,5.63,8.00,6.00,2.00,6.50,6.00,4.00,4.00,6.50,5.00,4.50,4.50,6.50,7.00,6.50,7.50,5.10,1.00,6.00,6.50,6.00,6.00,5.46,5.00,5.50,6.50,5.00,4.50,5.00,7.00,5.50,6.00,5.50,6.00,4.00
Asia,Western Asia,Saudi Arabia,6.33,6.67,8.50,8.00,2.00,8.00,6.00,4.00,5.00,7.50,7.50,6.50,5.50,6.50,9.00,7.50,8.50,6.00,3.00,6.50,9.00,3.50,8.00,3.79,3.00,2.50,5.00,4.00,2.50,3.50,5.00,5.00,5.00,3.50,4.50,2.00
Asia,Western Asia,Syria,6.98,6.37,8.50,9.00,8.00,9.00,7.00,6.00,1.50,3.50,8.50,3.00,2.50,7.50,9.50,4.00,8.00,7.60,4.50,8.50,10.00,8.00,7.00,2.00,2.00,1.00,4.00,2.00,1.50,2.00,1.50,2.00,2.50,2.00,2.00,1.50
Asia,Western Asia,Turkey,7.20,6.90,8.00,8.50,6.00,8.50,7.50,7.50,3.50,3.50,8.50,8.00,6.00,6.50,7.50,5.50,8.50,7.50,8.00,8.00,9.00,6.50,6.00,3.96,4.00,3.00,5.00,5.00,3.00,3.50,5.50,3.00,4.50,4.50,3.50,3.00
Asia,Western Asia,United Arab Emirates,6.35,7.00,8.50,6.50,5.00,7.00,7.00,6.00,5.50,7.50,8.00,7.00,6.00,6.00,8.00,8.00,9.00,5.70,1.00,6.50,6.50,7.00,7.50,5.13,5.00,4.50,5.00,5.50,5.50,6.00,5.50,3.50,5.50,6.00,6.50,3.00
Asia,Western Asia,Yemen,6.63,5.77,9.00,9.00,8.00,9.50,7.00,6.00,2.50,4.00,7.50,2.50,2.00,4.50,4.50,2.50,8.00,7.50,7.50,7.50,8.00,8.50,6.00,1.92,2.00,2.00,3.00,2.00,1.50,2.00,1.50,2.00,2.00,1.50,1.50,2.00
Europe,Central & Eastern Europe,Albania,5.20,4.90,5.50,6.00,4.00,4.50,3.50,3.00,4.00,3.50,5.00,5.50,7.00,6.50,4.00,5.50,6.00,5.50,6.50,7.00,6.50,3.00,4.50,5.17,5.00,4.50,7.00,6.00,5.50,5.50,5.50,4.50,4.00,4.50,5.00,5.00
Europe,Central & Eastern Europe,Belarus,5.83,5.37,7.00,7.50,4.00,7.50,6.50,6.50,3.50,2.00,4.50,4.00,3.00,4.00,5.50,7.00,8.00,6.30,3.50,5.00,9.00,6.50,7.50,3.08,3.00,2.00,3.00,3.50,2.00,3.00,4.00,4.00,3.50,3.00,4.00,2.00
Europe,Central & Eastern Europe,Bosnia and Herzegovina,5.92,5.43,5.50,6.50,5.00,6.00,5.00,6.00,5.00,3.50,4.00,6.00,6.00,6.00,6.50,4.00,6.50,6.40,4.50,6.00,8.00,7.00,6.50,3.88,4.00,3.50,6.00,4.00,2.50,3.50,4.00,3.50,3.50,4.00,4.50,3.50
Europe,Central & Eastern Europe,Bulgaria,5.58,5.47,5.00,5.50,5.50,4.50,5.50,5.50,6.00,4.00,5.00,5.50,5.00,5.50,6.50,6.00,7.00,5.70,4.50,6.00,7.50,5.00,5.50,5.33,4.50,5.50,6.50,6.00,5.50,5.00,6.50,5.00,5.00,5.00,5.00,4.50
Europe,Central & Eastern Europe,Croatia,5.02,4.83,5.00,6.00,3.50,4.50,4.00,4.00,4.50,3.50,4.00,4.50,6.50,6.00,5.50,5.00,6.00,5.20,4.00,6.00,6.00,5.00,5.00,5.92,5.50,5.50,7.00,7.00,5.50,6.00,6.50,6.50,5.00,6.00,6.00,4.50
Europe,Central & Eastern Europe,Czech Republic,4.55,4.80,5.50,5.50,2.50,5.00,4.50,4.50,3.00,5.00,3.00,4.00,5.50,5.50,7.00,5.50,6.00,4.30,2.50,4.50,4.50,5.00,5.00,6.50,6.50,6.50,7.00,7.00,6.50,7.00,7.00,6.50,6.00,5.50,6.00,6.50
Europe,Central & Eastern Europe,Hungary,4.62,4.53,6.00,6.50,1.50,4.00,4.50,4.00,3.50,3.50,2.50,4.00,5.00,5.00,6.00,5.50,6.50,4.70,1.00,4.00,7.50,5.50,5.50,4.79,4.00,3.50,4.00,5.50,5.00,5.00,6.50,5.50,4.50,4.00,6.00,4.00
Europe,Central & Eastern Europe,Moldova,5.53,4.97,7.50,4.50,4.50,7.00,6.00,7.50,2.50,1.50,3.00,3.50,2.00,4.50,5.00,7.50,8.00,6.10,5.00,5.00,8.00,5.50,7.00,4.08,4.00,4.00,5.50,5.50,3.50,4.00,3.00,4.00,4.00,4.00,3.50,4.00
Europe,Central & Eastern Europe,Montenegro,5.82,5.13,5.00,5.50,5.00,6.00,3.00,7.50,3.00,5.00,3.50,5.00,7.00,6.00,4.50,5.00,6.00,6.50,7.50,7.00,7.00,6.00,5.00,4.83,5.00,4.50,6.50,5.00,4.50,4.50,5.00,5.00,4.00,4.00,5.00,5.00
Europe,Central & Eastern Europe,North Macedonia,5.00,4.80,5.50,6.00,4.50,5.00,4.00,3.50,4.00,3.00,3.50,5.00,5.00,6.00,5.50,5.50,6.00,5.20,3.50,6.00,6.50,5.00,5.00,5.29,5.00,5.00,6.50,5.00,4.50,5.50,6.50,6.00,4.00,4.50,5.50,5.50
Europe,Central & Eastern Europe,Poland,4.67,5.13,5.50,6.00,3.00,4.50,5.00,6.00,2.50,4.50,5.50,4.00,5.50,5.50,7.50,6.00,6.00,4.20,2.00,6.00,4.50,4.00,4.50,6.08,5.50,5.00,7.50,7.00,5.00,6.50,7.50,6.50,6.50,5.50,6.00,4.50
Europe,Central & Eastern Europe,Romania,4.83,5.37,6.00,5.50,4.50,5.00,5.50,6.00,6.00,4.50,4.00,5.00,5.50,5.00,5.50,6.00,6.50,4.30,3.50,5.50,4.50,4.00,4.00,5.88,5.50,6.50,7.00,6.00,6.50,6.00,6.00,5.00,5.50,6.00,6.00,4.50
Europe,Central & Eastern Europe,Russia,6.92,6.93,8.00,6.50,6.00,8.50,5.50,6.50,7.50,7.00,7.50,6.00,4.00,5.00,8.50,9.00,8.50,6.90,5.50,7.00,9.00,5.00,8.00,3.42,3.50,2.50,3.00,5.50,3.00,4.00,5.00,3.50,3.50,2.50,3.00,2.00
Europe,Central & Eastern Europe,Serbia,6.18,5.67,6.00,6.00,5.50,6.50,4.50,5.00,5.00,5.00,5.00,6.00,6.50,6.00,6.00,5.00,7.00,6.70,6.00,7.00,8.00,6.50,6.00,4.92,4.50,4.00,6.50,4.50,5.00,5.00,6.00,5.50,5.00,4.00,5.50,3.50
Europe,Central & Eastern Europe,Slovakia,4.75,4.70,5.50,5.00,2.00,5.00,4.50,5.50,3.00,4.00,2.00,5.00,5.50,5.00,6.00,6.00,6.50,4.80,3.00,5.50,7.00,5.50,3.00,4.88,4.50,4.00,6.00,6.00,4.50,4.50,5.50,5.00,5.00,4.00,5.00,4.50
Europe,Central & Eastern Europe,Slovenia,4.28,3.97,4.50,5.50,3.00,4.00,3.00,2.00,2.00,3.00,1.50,4.00,5.50,5.00,5.00,5.00,6.50,4.60,2.00,5.00,6.50,5.50,4.00,6.21,6.50,5.50,7.00,7.00,6.00,6.00,7.50,5.50,5.50,6.00,6.00,6.00
Europe,Central & Eastern Europe,Ukraine,6.45,6.40,7.50,8.00,5.50,9.00,6.00,6.00,7.00,4.50,7.50,2.50,2.00,6.50,8.50,8.50,7.00,6.50,5.00,7.50,8.00,7.00,5.00,4.54,5.00,4.00,7.50,4.50,4.50,5.00,1.50,4.50,4.50,4.00,4.00,5.50
Europe,Northern Europe,Denmark,4.10,4.30,4.00,5.00,4.00,5.00,4.00,3.50,2.00,2.00,2.00,4.00,6.00,5.50,5.50,6.50,5.50,3.90,5.00,5.00,1.50,5.50,2.50,8.21,9.00,9.00,8.00,9.00,7.00,8.00,8.00,7.00,8.50,7.50,8.50,9.00
Europe,Northern Europe,Estonia,3.87,3.93,4.00,3.50,2.00,2.00,3.00,4.50,2.50,1.50,2.50,2.50,4.50,5.50,7.00,7.00,7.00,3.80,3.00,3.50,2.00,5.50,5.00,8.04,8.50,8.00,8.50,8.00,8.00,7.50,8.50,8.00,7.50,7.50,8.50,8.00
Europe,Northern Europe,Finland,3.25,3.40,3.50,3.00,3.00,3.00,3.50,3.00,1.50,2.00,1.50,3.00,4.50,4.00,5.50,5.50,4.50,3.10,3.00,3.50,1.50,4.00,3.50,8.42,8.50,9.00,9.00,8.50,7.50,8.50,9.00,8.00,8.50,8.00,8.00,8.50
Europe,Northern Europe,Iceland,3.03,2.97,5.00,3.50,1.00,2.00,3.00,1.00,1.00,1.50,1.00,1.50,4.50,4.50,4.50,5.50,5.00,3.10,3.50,4.50,1.00,4.50,2.00,8.17,8.00,7.50,8.50,8.50,8.00,9.00,8.50,8.00,8.50,7.50,8.00,8.00
Europe,Northern Europe,Latvia,4.08,4.47,5.00,4.50,3.00,3.50,5.50,5.50,2.00,2.00,2.00,4.50,5.50,5.50,6.00,6.00,6.50,3.70,4.00,4.00,2.50,5.00,3.00,7.63,7.50,7.00,8.50,8.50,8.00,7.50,8.50,6.00,8.00,7.50,7.50,7.00
Europe,Northern Europe,Lithuania,4.08,4.07,4.50,3.50,2.00,3.50,3.50,5.50,2.00,3.00,3.00,4.50,5.00,4.50,5.00,5.50,6.00,4.10,3.50,4.50,4.00,4.50,4.00,7.38,7.00,7.00,8.50,7.50,7.50,7.50,8.50,6.50,7.50,7.00,6.50,7.50
Europe,Northern Europe,Norway,3.83,4.17,5.00,3.50,3.00,4.50,2.50,4.50,2.50,4.50,2.50,4.00,5.50,4.50,5.00,5.50,5.50,3.50,4.00,5.00,1.50,5.00,2.00,7.92,8.50,8.00,9.00,8.50,8.00,7.50,8.00,7.50,7.50,7.00,7.50,8.00
Europe,Northern Europe,Sweden,4.73,4.67,5.00,6.00,5.00,6.50,3.50,3.50,2.00,4.00,1.50,3.00,6.00,5.00,6.00,6.50,6.50,4.80,5.50,6.50,2.00,6.50,3.50,7.38,6.50,8.50,8.50,8.00,7.00,6.00,8.00,8.00,7.00,6.00,7.00,8.00
Europe,Southern Europe,Cyprus,4.50,4.10,5.50,7.00,3.00,2.50,5.50,5.00,2.50,3.50,2.00,2.50,5.00,4.50,3.00,4.50,5.50,4.90,3.50,5.00,4.00,7.00,5.00,4.50,4.50,4.50,7.00,6.00,4.50,5.50,2.50,3.50,4.00,4.50,4.00,3.50
Europe,Southern Europe,Greece,5.55,4.90,5.50,8.00,5.50,3.50,5.50,5.50,2.00,3.00,3.50,5.50,5.50,5.50,4.00,4.50,6.50,6.20,4.00,6.50,7.50,6.50,6.50,5.13,5.00,4.50,7.00,6.00,4.50,5.00,5.50,5.50,5.50,4.00,5.00,4.00
Europe,Southern Europe,Italy,6.37,5.83,7.00,7.50,7.50,6.00,6.00,4.50,3.00,3.50,5.50,4.50,8.00,5.50,6.00,6.00,7.00,6.90,9.00,4.00,7.00,7.50,7.00,6.38,6.00,5.00,9.00,7.50,5.50,8.00,6.00,5.50,5.00,5.50,6.00,7.50
Europe,Southern Europe,Malta,4.87,4.13,5.00,3.50,2.50,3.00,4.00,3.50,1.00,5.00,4.00,2.50,5.50,4.00,5.00,5.50,8.00,5.60,2.00,7.00,7.50,5.00,6.50,5.08,4.50,4.00,7.00,6.00,4.50,5.00,4.50,4.00,6.50,7.00,4.00,4.00
Europe,Southern Europe,Monaco,2.58,1.67,1.50,1.00,1.00,1.50,1.00,1.00,1.00,1.00,1.00,2.00,2.50,2.50,2.00,2.50,3.50,3.50,1.00,2.50,3.50,5.50,5.00,5.83,4.50,4.00,5.50,7.00,8.00,7.00,6.50,5.00,4.50,8.00,5.50,4.50
Europe,Southern Europe,Portugal,4.97,4.73,6.00,5.50,3.50,4.00,4.50,4.00,4.00,4.00,3.50,4.50,6.50,5.50,5.00,5.50,5.00,5.20,4.50,6.00,4.50,6.00,5.00,6.58,7.00,5.00,8.00,7.00,6.00,7.00,6.00,6.50,6.00,7.00,6.00,7.50
Europe,Southern Europe,San Marino,3.12,2.03,2.00,1.00,1.00,2.00,2.00,1.50,1.00,1.00,1.00,2.00,3.50,2.50,1.50,1.50,7.00,4.20,1.00,3.00,5.00,6.50,5.50,5.29,4.50,4.50,6.00,5.50,6.50,5.00,6.00,4.50,5.50,5.50,4.50,5.50
Europe,Southern Europe,Spain,6.05,5.90,7.00,7.50,4.00,4.50,6.00,6.00,3.50,5.50,3.00,6.50,8.00,7.50,6.00,6.50,7.00,6.20,6.00,7.00,5.50,7.50,5.00,6.67,6.50,5.50,8.50,8.00,7.00,8.00,5.50,6.00,6.00,6.50,5.50,7.00
Europe,Western Europe,Andorra,2.70,2.20,1.50,1.50,1.00,2.50,1.50,4.00,1.00,1.50,1.00,1.50,3.00,4.00,1.50,2.00,5.50,3.20,1.00,3.50,1.00,5.50,5.00,8.00,7.00,7.50,8.50,8.50,8.00,8.50,7.50,7.50,8.00,8.50,8.50,8.00
Europe,Western Europe,Austria,4.30,4.30,4.50,6.50,4.00,5.00,5.00,3.50,2.00,2.50,2.00,4.00,4.50,4.50,5.00,5.50,6.00,4.30,2.00,4.00,4.00,6.50,5.00,7.54,7.00,6.50,7.50,8.00,8.00,9.00,8.00,6.50,7.00,8.00,7.50,7.50
Europe,Western Europe,Belgium,4.82,5.53,5.50,6.50,3.00,6.50,6.00,5.00,3.50,4.00,4.00,4.00,8.00,6.50,7.50,6.50,6.50,4.10,3.00,5.50,2.50,6.00,3.50,7.17,7.50,6.50,8.50,7.50,6.50,6.50,6.00,7.00,7.00,8.00,7.50,7.50
Europe,Western Europe,France,5.92,6.13,6.50,7.50,4.50,6.50,7.00,6.00,4.00,5.50,5.00,5.50,7.50,7.00,6.50,6.50,6.50,5.70,5.50,6.50,3.50,7.50,5.50,7.04,6.50,6.50,8.50,7.50,6.50,7.00,5.50,8.00,8.00,6.00,7.50,7.00
Europe,Western Europe,Germany,5.35,5.40,6.00,7.00,5.50,5.50,5.50,4.00,3.00,3.50,3.00,4.00,7.50,5.50,6.50,7.00,7.50,5.30,5.00,6.00,2.00,7.50,6.00,7.42,7.00,7.00,8.00,7.50,8.00,7.50,8.00,6.00,7.00,8.00,7.50,7.50
Europe,Western Europe,Ireland,4.97,5.13,5.00,4.50,6.00,4.00,5.00,5.00,2.00,3.50,4.50,6.00,7.50,5.50,6.50,6.00,6.00,4.80,6.00,5.50,4.00,5.50,3.00,7.42,7.00,8.00,8.00,8.00,7.00,7.50,7.50,7.50,8.00,7.50,6.00,7.00
Europe,Western Europe,Liechtenstein,2.10,2.20,2.00,1.50,1.50,1.00,1.00,1.00,1.50,1.00,1.50,1.50,3.00,3.50,2.00,4.00,7.00,2.00,1.00,1.00,1.00,3.00,4.00,8.42,9.00,8.00,8.00,8.50,9.00,8.50,9.50,5.50,8.50,9.50,8.50,8.50
Europe,Western Europe,Luxembourg,2.75,2.80,4.00,2.00,1.50,2.00,3.50,2.00,1.00,1.00,1.00,3.00,3.50,2.50,3.50,4.50,7.00,2.70,1.00,2.00,1.00,5.50,4.00,7.50,8.50,6.50,9.00,7.50,7.50,7.00,8.00,5.50,7.50,7.50,7.50,8.00
Europe,Western Europe,Netherlands,5.17,5.33,5.50,5.50,2.00,6.00,5.00,4.00,4.00,5.00,4.50,4.00,8.00,5.50,8.00,7.00,6.00,5.00,4.00,6.50,3.00,7.00,4.50,7.42,7.50,8.00,9.00,7.50,7.00,7.00,6.00,6.50,6.50,8.00,8.00,8.00
Europe,Western Europe,Switzerland,4.65,4.80,5.00,4.50,2.50,6.00,5.50,4.00,1.50,3.50,7.00,2.50,6.50,4.50,4.50,7.00,7.50,4.50,3.50,3.00,1.50,7.00,7.50,7.25,8.50,7.00,8.00,7.00,6.50,7.50,8.50,5.50,7.00,7.50,6.50,7.50
Europe,Western Europe,United Kingdom,5.87,5.63,7.00,7.00,5.00,4.00,6.50,6.00,3.00,4.00,3.00,5.00,7.50,6.00,6.00,7.00,7.50,6.10,5.50,7.00,3.00,7.50,7.50,7.63,7.50,6.50,8.00,8.00,7.50,7.50,8.50,7.00,7.50,7.50,8.00,8.00
Oceania,Australia and New Zealand,Australia,4.07,4.43,3.50,2.50,4.00,3.50,3.00,5.50,3.00,4.50,2.00,3.50,6.50,3.00,7.00,8.00,7.00,3.70,4.50,5.00,2.00,4.00,3.00,7.54,7.50,8.00,9.00,8.00,8.00,8.00,7.50,7.00,7.50,6.50,7.00,6.50
Oceania,Australia and New Zealand,New Zealand,4.13,3.87,3.50,2.50,3.00,3.50,2.00,3.00,2.50,4.00,1.50,2.00,5.50,4.50,6.50,7.00,7.00,4.40,4.00,6.00,2.00,5.00,5.00,7.88,8.00,7.50,8.50,8.00,8.00,7.50,8.50,7.00,8.00,8.00,7.50,8.00
Oceania,Melanesia,Fiji,4.02,4.13,5.50,3.50,2.00,2.00,3.50,3.00,4.00,5.00,3.00,2.00,5.00,6.00,7.50,4.50,5.50,3.90,1.00,5.50,4.00,6.00,3.00,5.38,5.50,5.00,5.50,6.00,4.00,5.00,5.00,6.00,5.50,5.50,5.50,6.00
Oceania,Melanesia,Papua New Guinea,5.78,5.47,7.00,3.50,2.00,6.50,5.00,5.50,8.50,6.50,7.00,1.00,5.00,6.50,5.50,4.00,8.50,6.10,1.00,8.00,8.50,6.50,6.50,3.21,2.00,2.00,4.50,5.50,3.50,3.00,3.00,3.50,3.00,3.00,2.50,3.00
Oceania,Melanesia,Solomon Islands,4.50,3.60,5.00,2.50,1.50,2.50,4.00,1.50,8.00,7.50,4.00,1.00,2.50,3.50,2.00,1.50,7.00,5.40,1.00,4.50,7.50,7.00,7.00,4.71,4.00,4.50,5.00,4.50,5.00,5.50,4.50,4.00,4.00,4.00,6.50,5.00
Oceania,Melanesia,Vanuatu,2.33,2.47,4.50,1.50,1.00,1.00,2.00,1.00,3.50,7.00,1.00,1.50,2.50,2.50,2.00,2.50,3.50,2.20,1.00,1.50,3.00,4.00,1.50,4.88,5.00,5.50,5.50,6.00,6.50,6.50,4.50,2.50,3.50,4.50,3.00,5.50
Oceania,Micronesia,Kiribati,2.33,2.37,5.00,1.00,1.50,1.50,2.00,1.50,1.00,7.00,2.00,1.00,2.00,3.00,1.00,2.00,4.00,2.30,1.00,4.00,1.50,3.00,2.00,4.46,5.50,5.50,5.00,6.00,4.00,5.00,4.50,4.00,4.00,1.50,3.00,5.50
Oceania,Micronesia,Marshall Islands,2.28,2.37,5.00,1.50,1.00,1.00,2.00,2.00,1.00,7.00,1.00,1.50,2.50,2.50,2.50,1.50,3.50,2.20,1.00,2.50,2.50,3.00,2.00,5.67,7.00,6.50,6.00,6.00,6.50,5.50,6.00,4.50,6.00,3.00,4.50,6.50
Oceania,Micronesia,Micronesia (Federated States of),2.72,2.53,5.00,1.50,1.00,1.50,3.50,3.50,1.50,7.00,1.00,1.00,2.50,3.00,2.00,1.50,2.50,2.90,1.00,4.50,3.00,4.50,1.50,5.54,6.00,3.50,6.50,6.00,6.00,6.50,6.00,5.00,4.50,5.00,5.00,6.50
Oceania,Micronesia,Nauru,1.72,1.53,1.00,1.50,1.00,1.00,2.00,2.00,1.00,3.50,1.00,1.00,1.50,1.50,1.50,1.00,2.50,1.90,1.00,1.50,3.50,2.00,1.50,4.83,5.00,5.00,6.00,7.00,6.50,5.00,7.00,7.00,3.50,2.00,1.00,3.00
Oceania,Micronesia,Palau,2.83,2.77,4.00,2.00,2.00,1.00,4.50,2.50,1.00,7.00,1.00,1.00,2.00,3.00,4.50,3.00,3.00,2.90,1.00,4.00,3.50,4.00,2.00,5.08,6.50,5.50,7.00,5.50,5.00,5.00,4.50,4.50,4.00,3.00,5.00,5.50
Oceania,Polynesia,Samoa,2.38,2.57,3.00,2.00,1.00,2.00,3.50,1.50,1.50,3.50,1.50,1.00,3.00,4.00,4.50,3.00,3.50,2.20,1.00,3.00,2.50,3.50,1.00,5.88,5.50,6.00,6.00,6.50,5.50,6.50,7.00,5.50,3.50,5.00,6.50,7.00
Oceania,Polynesia,Tonga,3.42,3.03,3.50,1.00,2.00,4.50,3.50,4.00,1.00,3.50,1.00,1.00,4.00,3.50,6.50,2.50,4.00,3.80,1.00,4.50,6.00,6.00,1.50,5.17,5.00,5.00,6.50,6.50,3.50,6.00,5.00,5.00,4.50,4.50,4.00,6.50
Oceania,Polynesia,Tuvalu,1.53,1.67,1.50,1.00,1.00,1.00,2.00,2.00,1.00,5.50,1.00,1.00,1.50,2.00,1.50,1.00,2.00,1.40,1.00,1.00,1.50,2.50,1.00,5.92,5.50,6.00,5.50,6.50,8.00,7.00,6.00,6.00,5.50,4.00,4.00,7.00